<?xml version="1.0" ?>
<server class="org.jpos.q2.iso.QServer" logger="Q2" name="server_1">
    <attr name="port" type="java.lang.Integer">10000</attr>
    <attr name="maxSessions" type="java.lang.Integer">100</attr>

    <channel class="org.jpos.iso.channel.NACChannel" logger="Q2" packager="org.jpos.iso.packager.GenericPackager" header="6000000000">
        <property name="packager-config" value="cfg/packager/iso87binary.xml" />
    </channel>

    <request-listener class="com.example.iso.SwitchRequestListener" logger="Q2"></request-listener>

    <in>Server_1_NETWORK_IN</in>
    <out>Server_1_NETWORK_OUT</out>
</server>